<?xml version="1.0" encoding="utf-8" ?>
<manifest identifier="Course_ID1" version="1.0" 
       xmlns="http://www.imsproject.org/xsd/imscp_rootv1p1p2"
       xmlns:adlcp="http://www.adlnet.org/xsd/adlcp_rootv1p2"
       xmlns:xsi="http://www.w3.org/2001/XMLSchema-instance"
       xsi:schemaLocation="http://www.imsproject.org/xsd/imscp_rootv1p1p2 imscp_rootv1p1p2.xsd
                           http://www.imsglobal.org/xsd/imsmd_rootv1p2p1 imsmd_rootv1p2p1.xsd
                           http://www.adlnet.org/xsd/adlcp_rootv1p2 adlcp_rootv1p2.xsd">
	<metadata>
		<schema>ADL SCORM</schema>
		<schemaversion>1.2</schemaversion>
		<adlcp:location>metadata.xml</adlcp:location> 
	</metadata>
	<organizations default="Course_ID1_ORG">
		<organization identifier="Course_ID1_ORG">
			<title>Captivate E-Learning Course</title>
			<item identifier="SCO_ID1" isvisible="true" identifierref="SCO_ID1_RES">
				<title>Course Object title</title>
			</item>
			<metadata>
				<schema>ADL SCORM</schema>
				<schemaversion>1.2</schemaversion>
				<adlcp:location>metadata.xml</adlcp:location> 
			</metadata>	
		</organization>
	</organizations>
	<resources>
		<resource identifier="SCO_ID1_RES" type="webcontent" href="index_scorm.html" adlcp:scormtype="sco">
			
			<metadata>
				<schema>ADL SCORM</schema>
				<schemaversion>1.2</schemaversion>
				<adlcp:location>metadata.xml</adlcp:location> 
			</metadata>
			
			<file href="ar/27192.mp3"/>
		    <file href="index_scorm.html"/>
			<file href="scormdriver.js"/>
			<file href="browsersniff.js"/>
			
<file href="ar/27227.mp3"/> 
<file href="ar/27232.mp3"/> 
<file href="ar/27723.mp3"/> 
<file href="ar/27727.mp3"/> 
<file href="ar/27735.mp3"/> 
<file href="ar/28143.mp3"/> 
<file href="ar/28146.mp3"/> 
<file href="ar/28157.mp3"/> 
<file href="ar/28162.mp3"/> 
<file href="ar/28165.mp3"/> 
<file href="ar/28169.mp3"/> 
<file href="ar/28236.mp3"/> 
<file href="ar/28958.mp3"/> 
<file href="ar/Mouse.mp3"/> 
<file href="assets/TOC_icons/collapseIcon.png"/> 
<file href="assets/TOC_icons/expandIcon.png"/> 
<file href="assets/TOC_icons/photo.png"/> 
<file href="assets/css/CPLibraryAll.css"/> 
<file href="assets/css/start/images/animated-overlay.gif"/> 
<file href="assets/css/start/images/ui-bg_flat_55_999999_40x100.png"/> 
<file href="assets/css/start/images/ui-bg_flat_75_aaaaaa_40x100.png"/> 
<file href="assets/css/start/images/ui-bg_glass_45_0078ae_1x400.png"/> 
<file href="assets/css/start/images/ui-bg_glass_55_f8da4e_1x400.png"/> 
<file href="assets/css/start/images/ui-bg_glass_75_79c9ec_1x400.png"/> 
<file href="assets/css/start/images/ui-bg_gloss-wave_45_e14f1c_500x100.png"/> 
<file href="assets/css/start/images/ui-bg_gloss-wave_50_6eac2c_500x100.png"/> 
<file href="assets/css/start/images/ui-bg_gloss-wave_75_2191c0_500x100.png"/> 
<file href="assets/css/start/images/ui-bg_inset-hard_100_fcfdfd_1x100.png"/> 
<file href="assets/css/start/images/ui-icons_0078ae_256x240.png"/> 
<file href="assets/css/start/images/ui-icons_056b93_256x240.png"/> 
<file href="assets/css/start/images/ui-icons_d8e7f3_256x240.png"/> 
<file href="assets/css/start/images/ui-icons_e0fdff_256x240.png"/> 
<file href="assets/css/start/images/ui-icons_f5e175_256x240.png"/> 
<file href="assets/css/start/images/ui-icons_f7a50d_256x240.png"/> 
<file href="assets/css/start/images/ui-icons_fcd113_256x240.png"/> 
<file href="assets/css/start/jquery-ui-1.11.4.custom.css"/> 
<file href="assets/css/start/jquery-ui-1.11.4.custom.min.css"/> 
<file href="assets/htmlimages/360_slide_OFF_Click.svg"/> 
<file href="assets/htmlimages/360_slide_OFF_Hover.svg"/> 
<file href="assets/htmlimages/360_slide_OFF_Normal.svg"/> 
<file href="assets/htmlimages/360_slide_ON_Click.svg"/> 
<file href="assets/htmlimages/360_slide_ON_Hover.svg"/> 
<file href="assets/htmlimages/360_slide_ON_normal.svg"/> 
<file href="assets/htmlimages/Answer_checkbox_correct.png"/> 
<file href="assets/htmlimages/Answer_checkbox_hover.png"/> 
<file href="assets/htmlimages/Answer_checkbox_incorrect.png"/> 
<file href="assets/htmlimages/Answer_checkbox_normal.png"/> 
<file href="assets/htmlimages/Answer_checkbox_select.png"/> 
<file href="assets/htmlimages/Answer_radio_correct.png"/> 
<file href="assets/htmlimages/Answer_radio_hover.png"/> 
<file href="assets/htmlimages/Answer_radio_incorrect.png"/> 
<file href="assets/htmlimages/Answer_radio_normal.png"/> 
<file href="assets/htmlimages/Answer_radio_select.png"/> 
<file href="assets/htmlimages/Graph.jpg"/> 
<file href="assets/htmlimages/HotspotDisplayImage.png"/> 
<file href="assets/htmlimages/HotspotDisplayText.png"/> 
<file href="assets/htmlimages/HotspotNavigation.png"/> 
<file href="assets/htmlimages/HotspotPlayAudio.png"/> 
<file href="assets/htmlimages/HotspotQuestionOverlays.png"/> 
<file href="assets/htmlimages/HotspotStaticActions.png"/> 
<file href="assets/htmlimages/Pause.gif"/> 
<file href="assets/htmlimages/Pause2x.gif"/> 
<file href="assets/htmlimages/Play.gif"/> 
<file href="assets/htmlimages/Play2x.gif"/> 
<file href="assets/htmlimages/Play_icon.png"/> 
<file href="assets/htmlimages/ThreeD_Close.svg"/> 
<file href="assets/htmlimages/ThreeD_HotspotDefaultGlow.png"/> 
<file href="assets/htmlimages/ThreeD_HotspotGlow.png"/> 
<file href="assets/htmlimages/ThreeD_Pause.svg"/> 
<file href="assets/htmlimages/ThreeD_Play.svg"/> 
<file href="assets/htmlimages/VR_menu_close_default@2x.png"/> 
<file href="assets/htmlimages/VR_menu_close_hover@2x.png"/> 
<file href="assets/htmlimages/VR_menu_close_select@2x.png"/> 
<file href="assets/htmlimages/VR_menu_default@2x.png"/> 
<file href="assets/htmlimages/VR_menu_hover@2x.png"/> 
<file href="assets/htmlimages/VR_menu_mute_default@2x.png"/> 
<file href="assets/htmlimages/VR_menu_mute_hover@2x.png"/> 
<file href="assets/htmlimages/VR_menu_mute_select@2x.png"/> 
<file href="assets/htmlimages/VR_menu_next_default@2x.png"/> 
<file href="assets/htmlimages/VR_menu_next_hover@2x.png"/> 
<file href="assets/htmlimages/VR_menu_next_select@2x.png"/> 
<file href="assets/htmlimages/VR_menu_pause_default@2x.png"/> 
<file href="assets/htmlimages/VR_menu_pause_hover@2x.png"/> 
<file href="assets/htmlimages/VR_menu_pause_select@2x.png"/> 
<file href="assets/htmlimages/VR_menu_play_default@2x.png"/> 
<file href="assets/htmlimages/VR_menu_play_hover@2x.png"/> 
<file href="assets/htmlimages/VR_menu_play_select@2x.png"/> 
<file href="assets/htmlimages/VR_menu_previous_default@2x.png"/> 
<file href="assets/htmlimages/VR_menu_previous_hover@2x.png"/> 
<file href="assets/htmlimages/VR_menu_previous_select@2x.png"/> 
<file href="assets/htmlimages/VR_menu_select@2x.png"/> 
<file href="assets/htmlimages/VR_move_left.png"/> 
<file href="assets/htmlimages/VR_move_right.png"/> 
<file href="assets/htmlimages/arrow_right.gif"/> 
<file href="assets/htmlimages/assessmenthotspotvisited.png"/> 
<file href="assets/htmlimages/assessmenthotspotvisited.svg"/> 
<file href="assets/htmlimages/assessmenthotspotvisited@2x.png"/> 
<file href="assets/htmlimages/ccClose.png"/> 
<file href="assets/htmlimages/checkBox_disabled.png"/> 
<file href="assets/htmlimages/checkBox_normal.png"/> 
<file href="assets/htmlimages/checkBox_selected.png"/> 
<file href="assets/htmlimages/checkBox_selectedDisabled.png"/> 
<file href="assets/htmlimages/checkboxchecked.png"/> 
<file href="assets/htmlimages/checkboxunchecked.png"/> 
<file href="assets/htmlimages/closeReviewButton.png"/> 
<file href="assets/htmlimages/correct_answer_normal.png"/> 
<file href="assets/htmlimages/correct_answer_small.png"/> 
<file href="assets/htmlimages/correct_question_normal.png"/> 
<file href="assets/htmlimages/correct_question_small.png"/> 
<file href="assets/htmlimages/dd_arrow.png"/> 
<file href="assets/htmlimages/expand_icon.png"/> 
<file href="assets/htmlimages/expand_icon@2x.png"/> 
<file href="assets/htmlimages/gesturemobileicon.png"/> 
<file href="assets/htmlimages/gesturemobileicon@2x.png"/> 
<file href="assets/htmlimages/gesturemobileimage2.png"/> 
<file href="assets/htmlimages/gesturemobilelandscape.png"/> 
<file href="assets/htmlimages/gesturetabletimage.png"/> 
<file href="assets/htmlimages/hotspot.gif"/> 
<file href="assets/htmlimages/hotspot_correct_answer_normal.png"/> 
<file href="assets/htmlimages/hotspot_incorrect_answer_normal.png"/> 
<file href="assets/htmlimages/img_trans.gif"/> 
<file href="assets/htmlimages/incorrect_answer_normal.png"/> 
<file href="assets/htmlimages/incorrect_answer_small.png"/> 
<file href="assets/htmlimages/incorrect_question_normal.png"/> 
<file href="assets/htmlimages/incorrect_question_small.png"/> 
<file href="assets/htmlimages/loader.gif"/> 
<file href="assets/htmlimages/loader_transparent.gif"/> 
<file href="assets/htmlimages/movieexpire.png"/> 
<file href="assets/htmlimages/partial_correct_question_normal.png"/> 
<file href="assets/htmlimages/partial_correct_question_small.png"/> 
<file href="assets/htmlimages/placeholder.png"/> 
<file href="assets/htmlimages/radioButton_disabled.png"/> 
<file href="assets/htmlimages/radioButton_normal.png"/> 
<file href="assets/htmlimages/radioButton_selected.png"/> 
<file href="assets/htmlimages/radioButton_selectedDisabled.png"/> 
<file href="assets/htmlimages/radiochecked.png"/> 
<file href="assets/htmlimages/radiounchecked.png"/> 
<file href="assets/htmlimages/sequenceReview.png"/> 
<file href="assets/htmlimages/skip_answer_normal.png"/> 
<file href="assets/htmlimages/skip_answer_small.png"/> 
<file href="assets/htmlimages/skip_question_normal.png"/> 
<file href="assets/htmlimages/skip_question_small.png"/> 
<file href="assets/htmlimages/toc.png"/> 
<file href="assets/htmlimages/vidbg.png"/> 
<file href="assets/htmlimages/vidfullscreen.png"/> 
<file href="assets/htmlimages/vidpause.png"/> 
<file href="assets/htmlimages/vidplay.png"/> 
<file href="assets/htmlimages/vidrewind.png"/> 
<file href="assets/htmlimages/vidslider.png"/> 
<file href="assets/htmlimages/vidstop.png"/> 
<file href="assets/htmlimages/vidvolume.png"/> 
<file href="assets/htmlimages/vidvolume2.png"/> 
<file href="assets/htmlimages/vidvolumemute.png"/> 
<file href="assets/js/CPM.js"/> 
<file href="assets/js/CPXHRLoader.js"/> 
<file href="assets/js/jquery-3.3.1.min.js"/> 
<file href="assets/playbar/PlaybarIcons/AudioOff.png"/> 
<file href="assets/playbar/PlaybarIcons/AudioOn.png"/> 
<file href="assets/playbar/PlaybarIcons/BackGround.png"/> 
<file href="assets/playbar/PlaybarIcons/Backward.png"/> 
<file href="assets/playbar/PlaybarIcons/CC.png"/> 
<file href="assets/playbar/PlaybarIcons/Color.png"/> 
<file href="assets/playbar/PlaybarIcons/ColorSmall.png"/> 
<file href="assets/playbar/PlaybarIcons/Exit.png"/> 
<file href="assets/playbar/PlaybarIcons/FastForward.png"/> 
<file href="assets/playbar/PlaybarIcons/FastForward1.png"/> 
<file href="assets/playbar/PlaybarIcons/FastForward2.png"/> 
<file href="assets/playbar/PlaybarIcons/Forward.png"/> 
<file href="assets/playbar/PlaybarIcons/Glow.png"/> 
<file href="assets/playbar/PlaybarIcons/GlowSmall.png"/> 
<file href="assets/playbar/PlaybarIcons/Height.png"/> 
<file href="assets/playbar/PlaybarIcons/InnerStroke.png"/> 
<file href="assets/playbar/PlaybarIcons/InnerStrokeSmall.png"/> 
<file href="assets/playbar/PlaybarIcons/Pause.png"/> 
<file href="assets/playbar/PlaybarIcons/Play.png"/> 
<file href="assets/playbar/PlaybarIcons/Progress.png"/> 
<file href="assets/playbar/PlaybarIcons/Rewind.png"/> 
<file href="assets/playbar/PlaybarIcons/Shade.png"/> 
<file href="assets/playbar/PlaybarIcons/ShadeSmall.png"/> 
<file href="assets/playbar/PlaybarIcons/Stroke.png"/> 
<file href="assets/playbar/PlaybarIcons/StrokeSmall.png"/> 
<file href="assets/playbar/PlaybarIcons/TOC.png"/> 
<file href="assets/playbar/PlaybarIcons/Thumb.png"/> 
<file href="assets/playbar/PlaybarIcons/ThumbBase.png"/> 
<file href="assets/playbar/playbarScript.js"/> 
<file href="assets/toc/tocIcons/blankBookmark.png"/> 
<file href="assets/toc/tocIcons/clear.png"/> 
<file href="assets/toc/tocIcons/collapseIcon.png"/> 
<file href="assets/toc/tocIcons/expandIcon.png"/> 
<file href="assets/toc/tocIcons/expander.png"/> 
<file href="assets/toc/tocIcons/fullBookmark.png"/> 
<file href="assets/toc/tocIcons/go.png"/> 
<file href="assets/toc/tocIcons/infoClose.png"/> 
<file href="assets/toc/tocIcons/moreinfo.png"/> 
<file href="assets/toc/tocIcons/photo.png"/> 
<file href="assets/toc/tocIcons/searchBtnNormal.png"/> 
<file href="assets/toc/tocIcons/searchBtnSelect.png"/> 
<file href="assets/toc/tocIcons/visited.png"/> 
<file href="dr/img1.json"/> 
<file href="dr/imgmd.json"/> 
<file href="dr/loading.gif"/> 
<file href="dr/pptxIm/00352ebb234340ea83ca04fc2c28e803.png"/> 
<file href="dr/pptxIm/01941449732f457bab809a5ea2b49ff5.png"/> 
<file href="dr/pptxIm/0194bfedae4142e1bab13fbc93c9e0b6.png"/> 
<file href="dr/pptxIm/0214476a62524b3aa4e72494b5eb4fb3.png"/> 
<file href="dr/pptxIm/04ffa185cc26469ebd02482beb0d6bf2.png"/> 
<file href="dr/pptxIm/070f4e390b8e468b907a16ca0dd0bbc5.png"/> 
<file href="dr/pptxIm/08c1cf0230a54e3e93b98577aed992f7.png"/> 
<file href="dr/pptxIm/08f3bb5066be4cc7b107332d10226559.png"/> 
<file href="dr/pptxIm/0b7d411d739e4ad282a36a21fd8cb512.png"/> 
<file href="dr/pptxIm/0e71f021dc26414dafa94ca117065bff.png"/> 
<file href="dr/pptxIm/0e742aa48c1a4d8a845cd849588ea0ba.png"/> 
<file href="dr/pptxIm/0ee454b12ada4d009c3e5b0bb444de5c.png"/> 
<file href="dr/pptxIm/14b7d95f337b4d4c953c0ce1532cfcfe.png"/> 
<file href="dr/pptxIm/16f0274571684ef590d905b7b3fc447e.png"/> 
<file href="dr/pptxIm/175023a690134691938d08332ac8d848.png"/> 
<file href="dr/pptxIm/181978033cf54715a121cc4e44a99dc0.png"/> 
<file href="dr/pptxIm/1b0deec83d614fed89508cd28fbbeaaa.png"/> 
<file href="dr/pptxIm/1c3b0573e67b48bcadf5ee8f0e184222.png"/> 
<file href="dr/pptxIm/1f0dc76e7403439789186318cee9633e.png"/> 
<file href="dr/pptxIm/214718f825c54d0a8f1e9df5b1288e30.png"/> 
<file href="dr/pptxIm/2256658c865547aaac1096136f9a77ae.png"/> 
<file href="dr/pptxIm/2348622b64514458a71da17c175a0eba.png"/> 
<file href="dr/pptxIm/25f5d0ef437f470bb8ae4758301a983a.png"/> 
<file href="dr/pptxIm/2682c52f07da4c22b774f1b79fe315fb.png"/> 
<file href="dr/pptxIm/26b46af0b0e5428b978ff82fb5ce0516.png"/> 
<file href="dr/pptxIm/27a5ea7cf2f648d6a51f13dcf82ad662.png"/> 
<file href="dr/pptxIm/29a6294261f2412f8f34bbcaa6392fe0.png"/> 
<file href="dr/pptxIm/2a58c97cd2f9440ba422ff1c90466421.png"/> 
<file href="dr/pptxIm/2db5698ad9ce4ea58e71aa01f9852d31.png"/> 
<file href="dr/pptxIm/30f00f58b9ab43999b6c549975fcdbb2.png"/> 
<file href="dr/pptxIm/3131e62212c5434ba22899d64c851f9f.png"/> 
<file href="dr/pptxIm/31356b86037b4ee993fcf0d753b79b3a.png"/> 
<file href="dr/pptxIm/32fca924f5b64f97813506a268701c35.png"/> 
<file href="dr/pptxIm/339e3ebec45d4e29b62f47db8aa9df30.png"/> 
<file href="dr/pptxIm/3666285ae46b4744b7e08b0885fe5bb7.png"/> 
<file href="dr/pptxIm/3ba0fab4d52f48e384212307f1229cab.png"/> 
<file href="dr/pptxIm/3c7019d8cb294d82907a26419d340d5f.png"/> 
<file href="dr/pptxIm/3d247acdb8184a5da5274569c730f124.png"/> 
<file href="dr/pptxIm/3d4f4a3c124146acb5f594ba71e7693a.png"/> 
<file href="dr/pptxIm/3ef3216ccd0c4c508b0909318841e6dd.png"/> 
<file href="dr/pptxIm/3f60cc0ae5b14f37be27f6b52e6acd14.png"/> 
<file href="dr/pptxIm/3fc695f8a10448cc874a68d4693a72f0.png"/> 
<file href="dr/pptxIm/41b969e98ddb4fc4bbf91a05cd0b35c4.png"/> 
<file href="dr/pptxIm/427b09b3586b4f1c81fdbe7aa933db59.png"/> 
<file href="dr/pptxIm/42bc619da6b64a868024d10b1b84f7c3.png"/> 
<file href="dr/pptxIm/441fb017396941f3bb7ab5f75db6d2cb.png"/> 
<file href="dr/pptxIm/4439873c43ef4b6690f3f60dbcbca281.png"/> 
<file href="dr/pptxIm/46865c65108549a681003799dab40af1.png"/> 
<file href="dr/pptxIm/47816b81fb874491a2c5f30eac8f187c.png"/> 
<file href="dr/pptxIm/478ba827a3b94457864c419c1efed060.png"/> 
<file href="dr/pptxIm/48d8683eb2f940f6a05fa1f1fecae7d7.png"/> 
<file href="dr/pptxIm/4a0cdd1f320c41a980941042228ecfab.png"/> 
<file href="dr/pptxIm/4d7ae809ef4d4bed8fda084a86166a9d.png"/> 
<file href="dr/pptxIm/508dd981e42346bbba1e6f28cd896ca9.png"/> 
<file href="dr/pptxIm/53bba9d9b8ec4900948ab1e61290d341.png"/> 
<file href="dr/pptxIm/551383c52b5a4dc98b2da559de8938ef.png"/> 
<file href="dr/pptxIm/5a473f054d8c43b69fae58ad4fa0f548.png"/> 
<file href="dr/pptxIm/5c268b39178a45458a766189ede0e928.png"/> 
<file href="dr/pptxIm/5cd4dcc044734c23ae044de1799e7da2.png"/> 
<file href="dr/pptxIm/61eddf585b3b43ee8026a1b8d3835d37.png"/> 
<file href="dr/pptxIm/62d85be407ab4f668ace23410ec016c9.png"/> 
<file href="dr/pptxIm/66cd3b1f97d74b488ff1e14ea0cc9bdb.png"/> 
<file href="dr/pptxIm/68743b450979459bae158c0a26be3cf1.png"/> 
<file href="dr/pptxIm/69ffd07f1e674efca4821ea0b35ec6ee.png"/> 
<file href="dr/pptxIm/6f3c55b0659746b3a8b9689a5e4ac5d2.png"/> 
<file href="dr/pptxIm/7074a7947c6542589097e72bdde067e5.png"/> 
<file href="dr/pptxIm/778b3d0f71b54c1a91b704b7330d7579.png"/> 
<file href="dr/pptxIm/77c61bacb86b46389e74776672225c67.png"/> 
<file href="dr/pptxIm/7861554c090c44c6a85f5040b3c63313.png"/> 
<file href="dr/pptxIm/799aaa29e4c24512aafb7b27eb72ff2a.png"/> 
<file href="dr/pptxIm/7b13120bbca743c6a12b8f463b39683e.png"/> 
<file href="dr/pptxIm/7cf7386a94444637aac8b117a57d3e09.png"/> 
<file href="dr/pptxIm/7d44714e77e74472a7db0784493911d6.png"/> 
<file href="dr/pptxIm/7ea5319c340b48c2a2aedf30557be5ab.png"/> 
<file href="dr/pptxIm/7f08fb82ad444674b4c35f10f598d102.png"/> 
<file href="dr/pptxIm/8027cba7b907490f9e5f512a596eb15e.png"/> 
<file href="dr/pptxIm/80f81eff0f3a4512a2e31cc8025ba461.png"/> 
<file href="dr/pptxIm/81c6807202e24141a6a2db2642e60ddb.png"/> 
<file href="dr/pptxIm/82f08793f16f46a2a3028c3a60c43762.png"/> 
<file href="dr/pptxIm/8466ea65287a48dd8ebdbc91327d96c3.png"/> 
<file href="dr/pptxIm/853066c905264edcb0ae22a0771260ec.png"/> 
<file href="dr/pptxIm/858a49b2aedf49048c87d0a6a0d349e4.png"/> 
<file href="dr/pptxIm/8818b53af5104761bcfa037f18d18c0b.png"/> 
<file href="dr/pptxIm/8d90e9154dae441a86619259ea044620.png"/> 
<file href="dr/pptxIm/8da65f49c2c640ae8eb80835f3fc7390.png"/> 
<file href="dr/pptxIm/8f0c42fc62e348ab8108cc13c1db7bb1.png"/> 
<file href="dr/pptxIm/92fc114011c54721918370f25c57d4aa.png"/> 
<file href="dr/pptxIm/9314031780b64deb9deefe96ef8dd018.png"/> 
<file href="dr/pptxIm/93eeed94b17c494e92056de4daa318d0.png"/> 
<file href="dr/pptxIm/940cecb6689942d8a988b90620a54c47.png"/> 
<file href="dr/pptxIm/946591b24e95472e9031f3a02145f198.png"/> 
<file href="dr/pptxIm/9b5436e2ff7940e88179e1f6a881da97.png"/> 
<file href="dr/pptxIm/9c75657847d7446cbc345e5462982c55.png"/> 
<file href="dr/pptxIm/9de9dd34e0654a09aa575802221e9f25.png"/> 
<file href="dr/pptxIm/a10077b91efc4232b9aebdf5ef2991ff.png"/> 
<file href="dr/pptxIm/a2ea9d88b9ea42f29b1cda2423434ef2.png"/> 
<file href="dr/pptxIm/a2f3941c1fde4c6aa55a83f8240aa50b.png"/> 
<file href="dr/pptxIm/a328b23016294d72a25187a344207f83.png"/> 
<file href="dr/pptxIm/a470b84d33264c1d944404216e0b8d1f.png"/> 
<file href="dr/pptxIm/a8f4242e94d54d968c8512c7096cc778.png"/> 
<file href="dr/pptxIm/ab66346fd5494c298aefa634176a6ef4.png"/> 
<file href="dr/pptxIm/ab9177154f5945b695eeeb5c65f0c8a1.png"/> 
<file href="dr/pptxIm/abe6d384ea784eac81c47e644e9f08ce.png"/> 
<file href="dr/pptxIm/ad8a955973ca428bb056bea91a462d9c.png"/> 
<file href="dr/pptxIm/adf7660a63af40faa8419e8ac81602cb.png"/> 
<file href="dr/pptxIm/ae2c6d3afaac4d938b15633e33320ba7.png"/> 
<file href="dr/pptxIm/b1d306ba72fd4ee1b7f917cff2b7f3bd.png"/> 
<file href="dr/pptxIm/b233c2ab11ec4e809de11783b49ed2ea.png"/> 
<file href="dr/pptxIm/b596cc2d1e864df3b94f210e0f50dc28.png"/> 
<file href="dr/pptxIm/b6a7973dbc2a467c891df13e5257b434.png"/> 
<file href="dr/pptxIm/b7352e7711da4a7b8d2921816de86936.png"/> 
<file href="dr/pptxIm/b7bede5143c843de9eb7c5f6126f4d2b.png"/> 
<file href="dr/pptxIm/b928c90e358c43e191ae32e5c9fdd606.png"/> 
<file href="dr/pptxIm/ba8fadd4f64c4851bd0b24afe1134dd9.png"/> 
<file href="dr/pptxIm/bb6af458b04740adb47297663ac8e029.png"/> 
<file href="dr/pptxIm/bde21c3594ee450caec30f3f0e5e7ac9.png"/> 
<file href="dr/pptxIm/c163a14b514a4547a0b7636a60916376.png"/> 
<file href="dr/pptxIm/c1b2e9aa40ae47ddb023bb8bc3eb93f4.png"/> 
<file href="dr/pptxIm/c31fd6bcbe824c65a16adfb0970a7d1f.png"/> 
<file href="dr/pptxIm/c405b5fcbb674a708a2091da268afc0d.png"/> 
<file href="dr/pptxIm/c5a0e9b022c343c18a7d933c18bdaf9a.png"/> 
<file href="dr/pptxIm/c8daa03b156740edba5592a30ec5a3bd.png"/> 
<file href="dr/pptxIm/cb04a543df034ec096ae280aa26ed88e.png"/> 
<file href="dr/pptxIm/cb9d2e14af1e4d71a422da4d6b59680f.png"/> 
<file href="dr/pptxIm/cc961684cee34d2b9138f2b0b74cdc11.png"/> 
<file href="dr/pptxIm/ce73ff24a50c43e891cfdf9d8f8bae14.png"/> 
<file href="dr/pptxIm/d27bcea78c824a7b9d0853762b853d47.png"/> 
<file href="dr/pptxIm/d5d1a36573f24a7a9defb332d2bb12ae.png"/> 
<file href="dr/pptxIm/d88951be337142efb06dffc5401669a9.png"/> 
<file href="dr/pptxIm/d9afd1479fba460bb5927c7325565f5f.png"/> 
<file href="dr/pptxIm/d9bde5bcd3ad4013b9e45accc602ec15.png"/> 
<file href="dr/pptxIm/db10400f05334d959bc80b6630874fa1.png"/> 
<file href="dr/pptxIm/dbbc379773824abdbc8d3f36e2432ebe.png"/> 
<file href="dr/pptxIm/dddf27edb4414072a1b4a40acbd5ddf0.png"/> 
<file href="dr/pptxIm/df1ee53e260c4271b9f38c7f824947c3.png"/> 
<file href="dr/pptxIm/df80fc24caac4b9cb3917c8ee85e6681.png"/> 
<file href="dr/pptxIm/e3ea6f622d224c42a6e76940bfefa802.png"/> 
<file href="dr/pptxIm/e4b64f0e3bd04c5cbccd2be6c7769fce.png"/> 
<file href="dr/pptxIm/e7e7d4798da14283ae01a327f3edf383.png"/> 
<file href="dr/pptxIm/ee04eb567a3748dfa7e804ca1f60ff45.png"/> 
<file href="dr/pptxIm/ef636ab4ab184382968f10439da3eb29.png"/> 
<file href="dr/pptxIm/efade1ae49ab4a2b854a0fe8d99592ff.png"/> 
<file href="dr/pptxIm/f8b8eb7c266341088b4540f2dea86787.png"/> 
<file href="dr/pptxIm/fa519798d59740e49de2b622d7a96c43.png"/> 
<file href="dr/pptxIm/fbbb557fc5da4b1ea9e6e905a0d31ea4.png"/> 
<file href="dr/pptxIm/fbec2311a034486d984675823f5a18b3.png"/> 
<file href="dr/pptxIm/fd308b3d07f14b549e8d351d3331e30e.png"/> 
<file href="goodbye.html"/> 
<file href="index_scorm.html"/> 
<file href="project.txt"/> 
<file href="Utilities.js"/> 
		</resource>
	</resources>
</manifest>
