<?xml version="1.0" encoding="utf-8" ?>
<manifest identifier="MA_Central_eLearning_Course" version="1.0" 
       xmlns="http://www.imsproject.org/xsd/imscp_rootv1p1p2"
       xmlns:adlcp="http://www.adlnet.org/xsd/adlcp_rootv1p2"
       xmlns:xsi="http://www.w3.org/2001/XMLSchema-instance"
       xsi:schemaLocation="http://www.imsproject.org/xsd/imscp_rootv1p1p2 imscp_rootv1p1p2.xsd
                           http://www.imsglobal.org/xsd/imsmd_rootv1p2p1 imsmd_rootv1p2p1.xsd
                           http://www.adlnet.org/xsd/adlcp_rootv1p2 adlcp_rootv1p2.xsd">
	<metadata>
		<schema>ADL SCORM</schema>
		<schemaversion>1.2</schemaversion>
		<adlcp:location>metadata.xml</adlcp:location> 
	</metadata>
	<organizations default="MA_Central_eLearning_Course_ORG">
		<organization identifier="MA_Central_eLearning_Course_ORG">
			<title>M&amp;A_Central_eLearning_Course</title>
			<item identifier="MA_Central_eLearning_Course" isvisible="true" identifierref="MA_Central_eLearning_Course_RES">
				<title>M&amp;A_Central_eLearning_Course</title>
			</item>
			<metadata>
				<schema>ADL SCORM</schema>
				<schemaversion>1.2</schemaversion>
				<adlcp:location>metadata.xml</adlcp:location> 
			</metadata>	
		</organization>
	</organizations>
	<resources>
		<resource identifier="MA_Central_eLearning_Course_RES" type="webcontent" href="index_scorm.html" adlcp:scormtype="sco">
			
			<metadata>
				<schema>ADL SCORM</schema>
				<schemaversion>1.2</schemaversion>
				<adlcp:location>metadata.xml</adlcp:location> 
			</metadata>
			
			<file href="ar/37345.mp3"/>
		    <file href="index_scorm.html"/>
			<file href="scormdriver.js"/>
			<file href="browsersniff.js"/>
			
<file href="ar/39443.mp3"/> 
<file href="ar/39725.mp3"/> 
<file href="ar/39731.mp3"/> 
<file href="ar/39733.mp3"/> 
<file href="ar/41087.mp3"/> 
<file href="ar/41256.mp3"/> 
<file href="ar/42132.mp3"/> 
<file href="ar/Mouse.mp3"/> 
<file href="ar/dblmouse.mp3"/> 
<file href="assets/TOC_icons/collapseIcon.png"/> 
<file href="assets/TOC_icons/expandIcon.png"/> 
<file href="assets/TOC_icons/photo.png"/> 
<file href="assets/css/CPLibraryAll.css"/> 
<file href="assets/css/start/images/animated-overlay.gif"/> 
<file href="assets/css/start/images/ui-bg_flat_55_999999_40x100.png"/> 
<file href="assets/css/start/images/ui-bg_flat_75_aaaaaa_40x100.png"/> 
<file href="assets/css/start/images/ui-bg_glass_45_0078ae_1x400.png"/> 
<file href="assets/css/start/images/ui-bg_glass_55_f8da4e_1x400.png"/> 
<file href="assets/css/start/images/ui-bg_glass_75_79c9ec_1x400.png"/> 
<file href="assets/css/start/images/ui-bg_gloss-wave_45_e14f1c_500x100.png"/> 
<file href="assets/css/start/images/ui-bg_gloss-wave_50_6eac2c_500x100.png"/> 
<file href="assets/css/start/images/ui-bg_gloss-wave_75_2191c0_500x100.png"/> 
<file href="assets/css/start/images/ui-bg_inset-hard_100_fcfdfd_1x100.png"/> 
<file href="assets/css/start/images/ui-icons_0078ae_256x240.png"/> 
<file href="assets/css/start/images/ui-icons_056b93_256x240.png"/> 
<file href="assets/css/start/images/ui-icons_d8e7f3_256x240.png"/> 
<file href="assets/css/start/images/ui-icons_e0fdff_256x240.png"/> 
<file href="assets/css/start/images/ui-icons_f5e175_256x240.png"/> 
<file href="assets/css/start/images/ui-icons_f7a50d_256x240.png"/> 
<file href="assets/css/start/images/ui-icons_fcd113_256x240.png"/> 
<file href="assets/css/start/jquery-ui-1.11.4.custom.css"/> 
<file href="assets/css/start/jquery-ui-1.11.4.custom.min.css"/> 
<file href="assets/htmlimages/Pause.gif"/> 
<file href="assets/htmlimages/Pause2x.gif"/> 
<file href="assets/htmlimages/Play.gif"/> 
<file href="assets/htmlimages/Play2x.gif"/> 
<file href="assets/htmlimages/Play_icon.png"/> 
<file href="assets/htmlimages/arrow_right.gif"/> 
<file href="assets/htmlimages/ccClose.png"/> 
<file href="assets/htmlimages/checkBox_disabled.png"/> 
<file href="assets/htmlimages/checkBox_normal.png"/> 
<file href="assets/htmlimages/checkBox_selected.png"/> 
<file href="assets/htmlimages/checkBox_selectedDisabled.png"/> 
<file href="assets/htmlimages/closeReviewButton.png"/> 
<file href="assets/htmlimages/correct_answer_normal.png"/> 
<file href="assets/htmlimages/correct_answer_small.png"/> 
<file href="assets/htmlimages/correct_question_normal.png"/> 
<file href="assets/htmlimages/correct_question_small.png"/> 
<file href="assets/htmlimages/dd_arrow.png"/> 
<file href="assets/htmlimages/gesturemobileicon.png"/> 
<file href="assets/htmlimages/gesturemobileicon@2x.png"/> 
<file href="assets/htmlimages/gesturemobileimage2.png"/> 
<file href="assets/htmlimages/gesturemobilelandscape.png"/> 
<file href="assets/htmlimages/gesturetabletimage.png"/> 
<file href="assets/htmlimages/hotspot.gif"/> 
<file href="assets/htmlimages/hotspot_correct_answer_normal.png"/> 
<file href="assets/htmlimages/hotspot_incorrect_answer_normal.png"/> 
<file href="assets/htmlimages/img_trans.gif"/> 
<file href="assets/htmlimages/incorrect_answer_normal.png"/> 
<file href="assets/htmlimages/incorrect_answer_small.png"/> 
<file href="assets/htmlimages/incorrect_question_normal.png"/> 
<file href="assets/htmlimages/incorrect_question_small.png"/> 
<file href="assets/htmlimages/loader.gif"/> 
<file href="assets/htmlimages/loader_transparent.gif"/> 
<file href="assets/htmlimages/movieexpire.png"/> 
<file href="assets/htmlimages/partial_correct_question_normal.png"/> 
<file href="assets/htmlimages/partial_correct_question_small.png"/> 
<file href="assets/htmlimages/placeholder.png"/> 
<file href="assets/htmlimages/radioButton_disabled.png"/> 
<file href="assets/htmlimages/radioButton_normal.png"/> 
<file href="assets/htmlimages/radioButton_selected.png"/> 
<file href="assets/htmlimages/radioButton_selectedDisabled.png"/> 
<file href="assets/htmlimages/sequenceReview.png"/> 
<file href="assets/htmlimages/skip_answer_normal.png"/> 
<file href="assets/htmlimages/skip_answer_small.png"/> 
<file href="assets/htmlimages/skip_question_normal.png"/> 
<file href="assets/htmlimages/skip_question_small.png"/> 
<file href="assets/htmlimages/toc.png"/> 
<file href="assets/htmlimages/vidbg.png"/> 
<file href="assets/htmlimages/vidfullscreen.png"/> 
<file href="assets/htmlimages/vidpause.png"/> 
<file href="assets/htmlimages/vidplay.png"/> 
<file href="assets/htmlimages/vidrewind.png"/> 
<file href="assets/htmlimages/vidslider.png"/> 
<file href="assets/htmlimages/vidstop.png"/> 
<file href="assets/htmlimages/vidvolume.png"/> 
<file href="assets/htmlimages/vidvolume2.png"/> 
<file href="assets/htmlimages/vidvolumemute.png"/> 
<file href="assets/js/CPM.js"/> 
<file href="assets/js/CPXHRLoader.js"/> 
<file href="assets/js/jquery-1.11.3.min.js"/> 
<file href="assets/playbar/PlaybarIcons/AudioOff.png"/> 
<file href="assets/playbar/PlaybarIcons/AudioOn.png"/> 
<file href="assets/playbar/PlaybarIcons/BackGround.png"/> 
<file href="assets/playbar/PlaybarIcons/Backward.png"/> 
<file href="assets/playbar/PlaybarIcons/CC.png"/> 
<file href="assets/playbar/PlaybarIcons/Color.png"/> 
<file href="assets/playbar/PlaybarIcons/ColorSmall.png"/> 
<file href="assets/playbar/PlaybarIcons/Exit.png"/> 
<file href="assets/playbar/PlaybarIcons/FastForward.png"/> 
<file href="assets/playbar/PlaybarIcons/FastForward1.png"/> 
<file href="assets/playbar/PlaybarIcons/FastForward2.png"/> 
<file href="assets/playbar/PlaybarIcons/Forward.png"/> 
<file href="assets/playbar/PlaybarIcons/Glow.png"/> 
<file href="assets/playbar/PlaybarIcons/GlowSmall.png"/> 
<file href="assets/playbar/PlaybarIcons/Height.png"/> 
<file href="assets/playbar/PlaybarIcons/InnerStroke.png"/> 
<file href="assets/playbar/PlaybarIcons/InnerStrokeSmall.png"/> 
<file href="assets/playbar/PlaybarIcons/Pause.png"/> 
<file href="assets/playbar/PlaybarIcons/Play.png"/> 
<file href="assets/playbar/PlaybarIcons/Progress.png"/> 
<file href="assets/playbar/PlaybarIcons/Rewind.png"/> 
<file href="assets/playbar/PlaybarIcons/Shade.png"/> 
<file href="assets/playbar/PlaybarIcons/ShadeSmall.png"/> 
<file href="assets/playbar/PlaybarIcons/Stroke.png"/> 
<file href="assets/playbar/PlaybarIcons/StrokeSmall.png"/> 
<file href="assets/playbar/PlaybarIcons/TOC.png"/> 
<file href="assets/playbar/PlaybarIcons/Thumb.png"/> 
<file href="assets/playbar/PlaybarIcons/ThumbBase.png"/> 
<file href="assets/playbar/playbarScript.js"/> 
<file href="assets/toc/tocIcons/blankBookmark.png"/> 
<file href="assets/toc/tocIcons/clear.png"/> 
<file href="assets/toc/tocIcons/expander.png"/> 
<file href="assets/toc/tocIcons/fullBookmark.png"/> 
<file href="assets/toc/tocIcons/go.png"/> 
<file href="assets/toc/tocIcons/infoClose.png"/> 
<file href="assets/toc/tocIcons/moreinfo.png"/> 
<file href="assets/toc/tocIcons/searchBtnNormal.png"/> 
<file href="assets/toc/tocIcons/searchBtnSelect.png"/> 
<file href="assets/toc/tocIcons/visited.png"/> 
<file href="dr/11641.png"/> 
<file href="dr/11675.png"/> 
<file href="dr/11743.png"/> 
<file href="dr/11794.png"/> 
<file href="dr/11828.png"/> 
<file href="dr/11862.png"/> 
<file href="dr/11896.png"/> 
<file href="dr/11947.png"/> 
<file href="dr/11998.png"/> 
<file href="dr/12032.png"/> 
<file href="dr/12100.png"/> 
<file href="dr/12241.png"/> 
<file href="dr/12257.png"/> 
<file href="dr/12291.png"/> 
<file href="dr/12345.png"/> 
<file href="dr/12361.png"/> 
<file href="dr/12415.png"/> 
<file href="dr/12431.png"/> 
<file href="dr/12465.png"/> 
<file href="dr/12499.png"/> 
<file href="dr/12533.png"/> 
<file href="dr/12567.png"/> 
<file href="dr/12635.png"/> 
<file href="dr/12669.png"/> 
<file href="dr/12723.png"/> 
<file href="dr/12759.png"/> 
<file href="dr/12775.png"/> 
<file href="dr/12826.png"/> 
<file href="dr/12860.png"/> 
<file href="dr/12894.png"/> 
<file href="dr/12928.png"/> 
<file href="dr/12962.png"/> 
<file href="dr/13016.png"/> 
<file href="dr/13066.png"/> 
<file href="dr/13100.png"/> 
<file href="dr/13134.png"/> 
<file href="dr/13168.png"/> 
<file href="dr/14264.png"/> 
<file href="dr/42149.png"/> 
<file href="dr/42154.png"/> 
<file href="dr/42159.png"/> 
<file href="dr/42164.png"/> 
<file href="dr/42169.png"/> 
<file href="dr/42179.png"/> 
<file href="dr/42274.png"/> 
<file href="dr/42279.png"/> 
<file href="dr/4518_102_27.png"/> 
<file href="dr/4520_102_27.png"/> 
<file href="dr/4522_102_27.png"/> 
<file href="dr/4542_75_27.png"/> 
<file href="dr/4544_75_27.png"/> 
<file href="dr/4546_75_27.png"/> 
<file href="dr/Failure_Caption_1.png"/> 
<file href="dr/Failure_Caption_10.png"/> 
<file href="dr/Failure_Caption_11.png"/> 
<file href="dr/Failure_Caption_12.png"/> 
<file href="dr/Failure_Caption_14.png"/> 
<file href="dr/Failure_Caption_15.png"/> 
<file href="dr/Failure_Caption_16.png"/> 
<file href="dr/Failure_Caption_17.png"/> 
<file href="dr/Failure_Caption_18.png"/> 
<file href="dr/Failure_Caption_19.png"/> 
<file href="dr/Failure_Caption_2.png"/> 
<file href="dr/Failure_Caption_20.png"/> 
<file href="dr/Failure_Caption_21.png"/> 
<file href="dr/Failure_Caption_23.png"/> 
<file href="dr/Failure_Caption_24.png"/> 
<file href="dr/Failure_Caption_25.png"/> 
<file href="dr/Failure_Caption_26.png"/> 
<file href="dr/Failure_Caption_27.png"/> 
<file href="dr/Failure_Caption_28.png"/> 
<file href="dr/Failure_Caption_29.png"/> 
<file href="dr/Failure_Caption_3.png"/> 
<file href="dr/Failure_Caption_30.png"/> 
<file href="dr/Failure_Caption_32.png"/> 
<file href="dr/Failure_Caption_33.png"/> 
<file href="dr/Failure_Caption_34.png"/> 
<file href="dr/Failure_Caption_4.png"/> 
<file href="dr/Failure_Caption_5.png"/> 
<file href="dr/Failure_Caption_6.png"/> 
<file href="dr/Failure_Caption_7.png"/> 
<file href="dr/Failure_Caption_8.png"/> 
<file href="dr/Failure_Caption_9.png"/> 
<file href="dr/Text_Caption_10.png"/> 
<file href="dr/Text_Caption_11.png"/> 
<file href="dr/Text_Caption_12.png"/> 
<file href="dr/Text_Caption_13.png"/> 
<file href="dr/Text_Caption_15.png"/> 
<file href="dr/Text_Caption_17.png"/> 
<file href="dr/Text_Caption_18.png"/> 
<file href="dr/Text_Caption_19.png"/> 
<file href="dr/Text_Caption_20.png"/> 
<file href="dr/Text_Caption_24.png"/> 
<file href="dr/Text_Caption_25.png"/> 
<file href="dr/Text_Caption_26.png"/> 
<file href="dr/Text_Caption_28.png"/> 
<file href="dr/Text_Caption_29.png"/> 
<file href="dr/Text_Caption_31.png"/> 
<file href="dr/Text_Caption_32.png"/> 
<file href="dr/Text_Caption_33.png"/> 
<file href="dr/Text_Caption_34.png"/> 
<file href="dr/Text_Caption_35.png"/> 
<file href="dr/Text_Caption_36.png"/> 
<file href="dr/Text_Caption_38.png"/> 
<file href="dr/Text_Caption_39.png"/> 
<file href="dr/Text_Caption_4.png"/> 
<file href="dr/Text_Caption_41.png"/> 
<file href="dr/Text_Caption_43.png"/> 
<file href="dr/Text_Caption_44.png"/> 
<file href="dr/Text_Caption_46.png"/> 
<file href="dr/Text_Caption_47.png"/> 
<file href="dr/Text_Caption_48.png"/> 
<file href="dr/Text_Caption_49.png"/> 
<file href="dr/Text_Caption_5.png"/> 
<file href="dr/Text_Caption_50.png"/> 
<file href="dr/Text_Caption_52.png"/> 
<file href="dr/Text_Caption_54.png"/> 
<file href="dr/Text_Caption_55.png"/> 
<file href="dr/Text_Caption_554.png"/> 
<file href="dr/Text_Caption_56.png"/> 
<file href="dr/Text_Caption_58.png"/> 
<file href="dr/Text_Caption_59.png"/> 
<file href="dr/Text_Caption_60.png"/> 
<file href="dr/Text_Caption_61.png"/> 
<file href="dr/Text_Caption_62.png"/> 
<file href="dr/Text_Caption_63.png"/> 
<file href="dr/Text_Caption_64.png"/> 
<file href="dr/Text_Caption_65.png"/> 
<file href="dr/Text_Caption_66.png"/> 
<file href="dr/Text_Caption_67.png"/> 
<file href="dr/Text_Caption_68.png"/> 
<file href="dr/Text_Caption_69.png"/> 
<file href="dr/Text_Caption_70.png"/> 
<file href="dr/Text_Caption_71.png"/> 
<file href="dr/Text_Caption_72.png"/> 
<file href="dr/Text_Caption_73.png"/> 
<file href="dr/Text_Caption_74.png"/> 
<file href="dr/Text_Caption_8.png"/> 
<file href="dr/loading.gif"/> 
<file href="goodbye.html"/> 
<file href="index_scorm.html"/> 
<file href="project.txt"/> 
<file href="vr/FMR12241.mp4"/> 
<file href="vr/FMR12345.mp4"/> 
<file href="vr/FMR12415.mp4"/> 
<file href="vr/FMR12723.mp4"/> 
<file href="vr/FMR12759.mp4"/> 
<file href="vr/FMR13016.mp4"/> 
<file href="Utilities.js"/> 
		</resource>
	</resources>
</manifest>
